,source,target,value
0,Gia Allemand,Jake Pavelka,1
1,Gia Allemand,Michelle Kujawa,1
2,Gia Allemand,Tenley Molzahn,1
3,Jake Pavelka,Michelle Kujawa,1
4,Jake Pavelka,Tenley Molzahn,1
5,Michelle Kujawa,Tenley Molzahn,1
6,Brad Womack,Michelle Money,1
7,Ben Flajnik,Jaclyn Swartz,1
8,Clare Crawley,Juan Pablo Galavis,1
9,Amber James,Chris Soules,1
10,Deanna Pappas,Graham Bunn,1
11,Jake Pavelka,Jesse Kovacs,1
12,Jake Pavelka,Jillian Harris,1
13,Jake Pavelka,Michael Stagliano,1
14,Jesse Kovacs,Jillian Harris,1
15,Jesse Kovacs,Michael Stagliano,1
16,Jillian Harris,Michael Stagliano,1
17,Ali Fedotowsky,Kirk DeWindt,1
18,Ashley Hebert,Nick Peterson,1
19,Chris Bukowski,Emily Maynard,1
20,Chris Bukowski,Kalon McMahon,1
21,Emily Maynard,Kalon McMahon,1
22,Kaitlyn Bristowe,Nick Viall,1
23,Ashley Elmore,Craig McKinnon,1
24,Ashley Elmore,David Good,1
25,Ashley Elmore,Elizabeth Kitt (NE),1
26,Ashley Elmore,Gia Allemand,1
27,Ashley Elmore,Gwen Gioia,1
28,Ashley Elmore,Jesse Beck,1
29,Ashley Elmore,Jesse Kovacs,1
30,Ashley Elmore,Jessie Sulidis,1
31,Ashley Elmore,Jonathan Novack,1
32,Ashley Elmore,Juan Barbieri,1
33,Ashley Elmore,Kiptyn Locke,1
34,Ashley Elmore,Krisily Kennedy,1
35,Ashley Elmore,Michelle Kujawa,1
36,Ashley Elmore,Natalie Getz,1
37,Ashley Elmore,"Nicole ""Nikki"" Kaapke",1
38,Ashley Elmore,Peyton Wright,1
39,Ashley Elmore,Tenley Molzahn,1
40,Ashley Elmore,Wes Hayden,1
41,Craig McKinnon,David Good,1
42,Craig McKinnon,Elizabeth Kitt (NE),1
43,Craig McKinnon,Gia Allemand,1
44,Craig McKinnon,Gwen Gioia,1
45,Craig McKinnon,Jesse Beck,1
46,Craig McKinnon,Jesse Kovacs,1
47,Craig McKinnon,Jessie Sulidis,1
48,Craig McKinnon,Jonathan Novack,1
49,Craig McKinnon,Juan Barbieri,1
50,Craig McKinnon,Kiptyn Locke,1
51,Craig McKinnon,Krisily Kennedy,1
52,Craig McKinnon,Michelle Kujawa,1
53,Craig McKinnon,Natalie Getz,1
54,Craig McKinnon,"Nicole ""Nikki"" Kaapke",1
55,Craig McKinnon,Peyton Wright,1
56,Craig McKinnon,Tenley Molzahn,1
57,Craig McKinnon,Wes Hayden,1
58,David Good,Elizabeth Kitt (NE),1
59,David Good,Gia Allemand,1
60,David Good,Gwen Gioia,1
61,David Good,Jesse Beck,1
62,David Good,Jesse Kovacs,1
63,David Good,Jessie Sulidis,1
64,David Good,Jonathan Novack,1
65,David Good,Juan Barbieri,1
66,David Good,Kiptyn Locke,1
67,David Good,Krisily Kennedy,1
68,David Good,Michelle Kujawa,1
69,David Good,Natalie Getz,1
70,David Good,"Nicole ""Nikki"" Kaapke",1
71,David Good,Peyton Wright,1
72,David Good,Tenley Molzahn,1
73,David Good,Wes Hayden,1
74,Elizabeth Kitt (NE),Gia Allemand,1
75,Elizabeth Kitt (NE),Gwen Gioia,1
76,Elizabeth Kitt (NE),Jesse Beck,1
77,Elizabeth Kitt (NE),Jesse Kovacs,1
78,Elizabeth Kitt (NE),Jessie Sulidis,1
79,Elizabeth Kitt (NE),Jonathan Novack,1
80,Elizabeth Kitt (NE),Juan Barbieri,1
81,Elizabeth Kitt (NE),Kiptyn Locke,1
82,Elizabeth Kitt (NE),Krisily Kennedy,1
83,Elizabeth Kitt (NE),Michelle Kujawa,1
84,Elizabeth Kitt (NE),Natalie Getz,1
85,Elizabeth Kitt (NE),"Nicole ""Nikki"" Kaapke",1
86,Elizabeth Kitt (NE),Peyton Wright,1
87,Elizabeth Kitt (NE),Tenley Molzahn,1
88,Elizabeth Kitt (NE),Wes Hayden,1
89,Gia Allemand,Gwen Gioia,1
90,Gia Allemand,Jesse Beck,1
91,Gia Allemand,Jesse Kovacs,1
92,Gia Allemand,Jessie Sulidis,1
93,Gia Allemand,Jonathan Novack,1
94,Gia Allemand,Juan Barbieri,1
95,Gia Allemand,Kiptyn Locke,1
96,Gia Allemand,Krisily Kennedy,1
97,Gia Allemand,Michelle Kujawa,1
98,Gia Allemand,Natalie Getz,1
99,Gia Allemand,"Nicole ""Nikki"" Kaapke",1
100,Gia Allemand,Peyton Wright,1
101,Gia Allemand,Tenley Molzahn,1
102,Gia Allemand,Wes Hayden,1
103,Gwen Gioia,Jesse Beck,1
104,Gwen Gioia,Jesse Kovacs,1
105,Gwen Gioia,Jessie Sulidis,1
106,Gwen Gioia,Jonathan Novack,1
107,Gwen Gioia,Juan Barbieri,1
108,Gwen Gioia,Kiptyn Locke,1
109,Gwen Gioia,Krisily Kennedy,1
110,Gwen Gioia,Michelle Kujawa,1
111,Gwen Gioia,Natalie Getz,1
112,Gwen Gioia,"Nicole ""Nikki"" Kaapke",1
113,Gwen Gioia,Peyton Wright,1
114,Gwen Gioia,Tenley Molzahn,1
115,Gwen Gioia,Wes Hayden,1
116,Jesse Beck,Jesse Kovacs,1
117,Jesse Beck,Jessie Sulidis,1
118,Jesse Beck,Jonathan Novack,1
119,Jesse Beck,Juan Barbieri,1
120,Jesse Beck,Kiptyn Locke,1
121,Jesse Beck,Krisily Kennedy,1
122,Jesse Beck,Michelle Kujawa,1
123,Jesse Beck,Natalie Getz,1
124,Jesse Beck,"Nicole ""Nikki"" Kaapke",1
125,Jesse Beck,Peyton Wright,1
126,Jesse Beck,Tenley Molzahn,1
127,Jesse Beck,Wes Hayden,1
128,Jesse Kovacs,Jessie Sulidis,1
129,Jesse Kovacs,Jonathan Novack,1
130,Jesse Kovacs,Juan Barbieri,1
131,Jesse Kovacs,Kiptyn Locke,1
132,Jesse Kovacs,Krisily Kennedy,1
133,Jesse Kovacs,Michelle Kujawa,1
134,Jesse Kovacs,Natalie Getz,1
135,Jesse Kovacs,"Nicole ""Nikki"" Kaapke",1
136,Jesse Kovacs,Peyton Wright,1
137,Jesse Kovacs,Tenley Molzahn,1
138,Jesse Kovacs,Wes Hayden,1
139,Jessie Sulidis,Jonathan Novack,1
140,Jessie Sulidis,Juan Barbieri,1
141,Jessie Sulidis,Kiptyn Locke,1
142,Jessie Sulidis,Krisily Kennedy,1
143,Jessie Sulidis,Michelle Kujawa,1
144,Jessie Sulidis,Natalie Getz,1
145,Jessie Sulidis,"Nicole ""Nikki"" Kaapke",1
146,Jessie Sulidis,Peyton Wright,1
147,Jessie Sulidis,Tenley Molzahn,1
148,Jessie Sulidis,Wes Hayden,1
149,Jonathan Novack,Juan Barbieri,1
150,Jonathan Novack,Kiptyn Locke,1
151,Jonathan Novack,Krisily Kennedy,1
152,Jonathan Novack,Michelle Kujawa,1
153,Jonathan Novack,Natalie Getz,1
154,Jonathan Novack,"Nicole ""Nikki"" Kaapke",1
155,Jonathan Novack,Peyton Wright,1
156,Jonathan Novack,Tenley Molzahn,1
157,Jonathan Novack,Wes Hayden,1
158,Juan Barbieri,Kiptyn Locke,1
159,Juan Barbieri,Krisily Kennedy,1
160,Juan Barbieri,Michelle Kujawa,1
161,Juan Barbieri,Natalie Getz,1
162,Juan Barbieri,"Nicole ""Nikki"" Kaapke",1
163,Juan Barbieri,Peyton Wright,1
164,Juan Barbieri,Tenley Molzahn,1
165,Juan Barbieri,Wes Hayden,1
166,Kiptyn Locke,Krisily Kennedy,1
167,Kiptyn Locke,Michelle Kujawa,1
168,Kiptyn Locke,Natalie Getz,1
169,Kiptyn Locke,"Nicole ""Nikki"" Kaapke",1
170,Kiptyn Locke,Peyton Wright,1
171,Kiptyn Locke,Tenley Molzahn,1
172,Kiptyn Locke,Wes Hayden,1
173,Krisily Kennedy,Michelle Kujawa,1
174,Krisily Kennedy,Natalie Getz,1
175,Krisily Kennedy,"Nicole ""Nikki"" Kaapke",1
176,Krisily Kennedy,Peyton Wright,1
177,Krisily Kennedy,Tenley Molzahn,1
178,Krisily Kennedy,Wes Hayden,1
179,Michelle Kujawa,Natalie Getz,1
180,Michelle Kujawa,"Nicole ""Nikki"" Kaapke",1
181,Michelle Kujawa,Peyton Wright,1
182,Michelle Kujawa,Tenley Molzahn,1
183,Michelle Kujawa,Wes Hayden,1
184,Natalie Getz,"Nicole ""Nikki"" Kaapke",1
185,Natalie Getz,Peyton Wright,1
186,Natalie Getz,Tenley Molzahn,1
187,Natalie Getz,Wes Hayden,1
188,"Nicole ""Nikki"" Kaapke",Peyton Wright,1
189,"Nicole ""Nikki"" Kaapke",Tenley Molzahn,1
190,"Nicole ""Nikki"" Kaapke",Wes Hayden,1
191,Peyton Wright,Tenley Molzahn,1
192,Peyton Wright,Wes Hayden,1
193,Tenley Molzahn,Wes Hayden,1
194,Alli Travis,Ames Brown,1
195,Alli Travis,Blake Julian,1
196,Alli Travis,Ella Nolan,1
197,Alli Travis,Erica Rose,1
198,Alli Travis,Gia Allemand,1
199,Alli Travis,Graham Bunn,1
200,Alli Travis,Holly Durst,1
201,Alli Travis,Jackie Gordon,1
202,Alli Travis,Jake Pavelka,1
203,Alli Travis,Justin Rego,1
204,Alli Travis,Kasey Kahl,1
205,Alli Travis,Kirk DeWindt,1
206,Alli Travis,Melissa Schreiber,1
207,Alli Travis,Michael Stagliano,1
208,Alli Travis,Michelle Money,1
209,Alli Travis,Vienna Girardi,1
210,Alli Travis,William Holman,1
211,Ames Brown,Blake Julian,1
212,Ames Brown,Ella Nolan,1
213,Ames Brown,Erica Rose,1
214,Ames Brown,Gia Allemand,1
215,Ames Brown,Graham Bunn,1
216,Ames Brown,Holly Durst,1
217,Ames Brown,Jackie Gordon,1
218,Ames Brown,Jake Pavelka,1
219,Ames Brown,Justin Rego,1
220,Ames Brown,Kasey Kahl,1
221,Ames Brown,Kirk DeWindt,1
222,Ames Brown,Melissa Schreiber,1
223,Ames Brown,Michael Stagliano,1
224,Ames Brown,Michelle Money,1
225,Ames Brown,Vienna Girardi,1
226,Ames Brown,William Holman,1
227,Blake Julian,Ella Nolan,1
228,Blake Julian,Erica Rose,1
229,Blake Julian,Gia Allemand,1
230,Blake Julian,Graham Bunn,1
231,Blake Julian,Holly Durst,1
232,Blake Julian,Jackie Gordon,1
233,Blake Julian,Jake Pavelka,1
234,Blake Julian,Justin Rego,1
235,Blake Julian,Kasey Kahl,1
236,Blake Julian,Kirk DeWindt,1
237,Blake Julian,Melissa Schreiber,1
238,Blake Julian,Michael Stagliano,1
239,Blake Julian,Michelle Money,1
240,Blake Julian,Vienna Girardi,1
241,Blake Julian,William Holman,1
242,Ella Nolan,Erica Rose,1
243,Ella Nolan,Gia Allemand,1
244,Ella Nolan,Graham Bunn,1
245,Ella Nolan,Holly Durst,1
246,Ella Nolan,Jackie Gordon,1
247,Ella Nolan,Jake Pavelka,1
248,Ella Nolan,Justin Rego,1
249,Ella Nolan,Kasey Kahl,1
250,Ella Nolan,Kirk DeWindt,1
251,Ella Nolan,Melissa Schreiber,1
252,Ella Nolan,Michael Stagliano,1
253,Ella Nolan,Michelle Money,1
254,Ella Nolan,Vienna Girardi,1
255,Ella Nolan,William Holman,1
256,Erica Rose,Gia Allemand,1
257,Erica Rose,Graham Bunn,1
258,Erica Rose,Holly Durst,1
259,Erica Rose,Jackie Gordon,1
260,Erica Rose,Jake Pavelka,1
261,Erica Rose,Justin Rego,1
262,Erica Rose,Kasey Kahl,1
263,Erica Rose,Kirk DeWindt,1
264,Erica Rose,Melissa Schreiber,1
265,Erica Rose,Michael Stagliano,1
266,Erica Rose,Michelle Money,1
267,Erica Rose,Vienna Girardi,1
268,Erica Rose,William Holman,1
269,Gia Allemand,Graham Bunn,1
270,Gia Allemand,Holly Durst,1
271,Gia Allemand,Jackie Gordon,1
272,Gia Allemand,Jake Pavelka,1
273,Gia Allemand,Justin Rego,1
274,Gia Allemand,Kasey Kahl,1
275,Gia Allemand,Kirk DeWindt,1
276,Gia Allemand,Melissa Schreiber,1
277,Gia Allemand,Michael Stagliano,1
278,Gia Allemand,Michelle Money,1
279,Gia Allemand,Vienna Girardi,1
280,Gia Allemand,William Holman,1
281,Graham Bunn,Holly Durst,1
282,Graham Bunn,Jackie Gordon,1
283,Graham Bunn,Jake Pavelka,1
284,Graham Bunn,Justin Rego,1
285,Graham Bunn,Kasey Kahl,1
286,Graham Bunn,Kirk DeWindt,1
287,Graham Bunn,Melissa Schreiber,1
288,Graham Bunn,Michael Stagliano,1
289,Graham Bunn,Michelle Money,1
290,Graham Bunn,Vienna Girardi,1
291,Graham Bunn,William Holman,1
292,Holly Durst,Jackie Gordon,1
293,Holly Durst,Jake Pavelka,1
294,Holly Durst,Justin Rego,1
295,Holly Durst,Kasey Kahl,1
296,Holly Durst,Kirk DeWindt,1
297,Holly Durst,Melissa Schreiber,1
298,Holly Durst,Michael Stagliano,1
299,Holly Durst,Michelle Money,1
300,Holly Durst,Vienna Girardi,1
301,Holly Durst,William Holman,1
302,Jackie Gordon,Jake Pavelka,1
303,Jackie Gordon,Justin Rego,1
304,Jackie Gordon,Kasey Kahl,1
305,Jackie Gordon,Kirk DeWindt,1
306,Jackie Gordon,Melissa Schreiber,1
307,Jackie Gordon,Michael Stagliano,1
308,Jackie Gordon,Michelle Money,1
309,Jackie Gordon,Vienna Girardi,1
310,Jackie Gordon,William Holman,1
311,Jake Pavelka,Justin Rego,1
312,Jake Pavelka,Kasey Kahl,1
313,Jake Pavelka,Kirk DeWindt,1
314,Jake Pavelka,Melissa Schreiber,1
315,Jake Pavelka,Michael Stagliano,1
316,Jake Pavelka,Michelle Money,1
317,Jake Pavelka,Vienna Girardi,1
318,Jake Pavelka,William Holman,1
319,Justin Rego,Kasey Kahl,1
320,Justin Rego,Kirk DeWindt,1
321,Justin Rego,Melissa Schreiber,1
322,Justin Rego,Michael Stagliano,1
323,Justin Rego,Michelle Money,1
324,Justin Rego,Vienna Girardi,1
325,Justin Rego,William Holman,1
326,Kasey Kahl,Kirk DeWindt,1
327,Kasey Kahl,Melissa Schreiber,1
328,Kasey Kahl,Michael Stagliano,1
329,Kasey Kahl,Michelle Money,1
330,Kasey Kahl,Vienna Girardi,1
331,Kasey Kahl,William Holman,1
332,Kirk DeWindt,Melissa Schreiber,1
333,Kirk DeWindt,Michael Stagliano,1
334,Kirk DeWindt,Michelle Money,1
335,Kirk DeWindt,Vienna Girardi,1
336,Kirk DeWindt,William Holman,1
337,Melissa Schreiber,Michael Stagliano,1
338,Melissa Schreiber,Michelle Money,1
339,Melissa Schreiber,Vienna Girardi,1
340,Melissa Schreiber,William Holman,1
341,Michael Stagliano,Michelle Money,1
342,Michael Stagliano,Vienna Girardi,1
343,Michael Stagliano,William Holman,1
344,Michelle Money,Vienna Girardi,1
345,Michelle Money,William Holman,1
346,Vienna Girardi,William Holman,1
347,Blakeley Jones,Chris Bukowski,1
348,Blakeley Jones,Ed Swiderski,1
349,Blakeley Jones,Erica Rose,1
350,Blakeley Jones,Jaclyn Swartz,1
351,Blakeley Jones,Jamie Otis,1
352,Blakeley Jones,Kalon McMahon,1
353,Blakeley Jones,Lindzi Cox,1
354,Blakeley Jones,Michael Stagliano,1
355,Blakeley Jones,Nick Peterson,1
356,Blakeley Jones,Rachel Truehart,1
357,Blakeley Jones,Reid Rosenthal,1
358,Blakeley Jones,Ryan Hoag,1
359,Blakeley Jones,Sarah Newlon,1
360,Blakeley Jones,Tony Pieper,1
361,Chris Bukowski,Ed Swiderski,1
362,Chris Bukowski,Erica Rose,1
363,Chris Bukowski,Jaclyn Swartz,1
364,Chris Bukowski,Jamie Otis,1
365,Chris Bukowski,Kalon McMahon,1
366,Chris Bukowski,Lindzi Cox,1
367,Chris Bukowski,Michael Stagliano,1
368,Chris Bukowski,Nick Peterson,1
369,Chris Bukowski,Rachel Truehart,1
370,Chris Bukowski,Reid Rosenthal,1
371,Chris Bukowski,Ryan Hoag,1
372,Chris Bukowski,Sarah Newlon,1
373,Chris Bukowski,Tony Pieper,1
374,Ed Swiderski,Erica Rose,1
375,Ed Swiderski,Jaclyn Swartz,1
376,Ed Swiderski,Jamie Otis,1
377,Ed Swiderski,Kalon McMahon,1
378,Ed Swiderski,Lindzi Cox,1
379,Ed Swiderski,Michael Stagliano,1
380,Ed Swiderski,Nick Peterson,1
381,Ed Swiderski,Rachel Truehart,1
382,Ed Swiderski,Reid Rosenthal,1
383,Ed Swiderski,Ryan Hoag,1
384,Ed Swiderski,Sarah Newlon,1
385,Ed Swiderski,Tony Pieper,1
386,Erica Rose,Jaclyn Swartz,1
387,Erica Rose,Jamie Otis,1
388,Erica Rose,Kalon McMahon,1
389,Erica Rose,Lindzi Cox,1
390,Erica Rose,Michael Stagliano,1
391,Erica Rose,Nick Peterson,1
392,Erica Rose,Rachel Truehart,1
393,Erica Rose,Reid Rosenthal,1
394,Erica Rose,Ryan Hoag,1
395,Erica Rose,Sarah Newlon,1
396,Erica Rose,Tony Pieper,1
397,Jaclyn Swartz,Jamie Otis,1
398,Jaclyn Swartz,Kalon McMahon,1
399,Jaclyn Swartz,Lindzi Cox,1
400,Jaclyn Swartz,Michael Stagliano,1
401,Jaclyn Swartz,Nick Peterson,1
402,Jaclyn Swartz,Rachel Truehart,1
403,Jaclyn Swartz,Reid Rosenthal,1
404,Jaclyn Swartz,Ryan Hoag,1
405,Jaclyn Swartz,Sarah Newlon,1
406,Jaclyn Swartz,Tony Pieper,1
407,Jamie Otis,Kalon McMahon,1
408,Jamie Otis,Lindzi Cox,1
409,Jamie Otis,Michael Stagliano,1
410,Jamie Otis,Nick Peterson,1
411,Jamie Otis,Rachel Truehart,1
412,Jamie Otis,Reid Rosenthal,1
413,Jamie Otis,Ryan Hoag,1
414,Jamie Otis,Sarah Newlon,1
415,Jamie Otis,Tony Pieper,1
416,Kalon McMahon,Lindzi Cox,1
417,Kalon McMahon,Michael Stagliano,1
418,Kalon McMahon,Nick Peterson,1
419,Kalon McMahon,Rachel Truehart,1
420,Kalon McMahon,Reid Rosenthal,1
421,Kalon McMahon,Ryan Hoag,1
422,Kalon McMahon,Sarah Newlon,1
423,Kalon McMahon,Tony Pieper,1
424,Lindzi Cox,Michael Stagliano,1
425,Lindzi Cox,Nick Peterson,1
426,Lindzi Cox,Rachel Truehart,1
427,Lindzi Cox,Reid Rosenthal,1
428,Lindzi Cox,Ryan Hoag,1
429,Lindzi Cox,Sarah Newlon,1
430,Lindzi Cox,Tony Pieper,1
431,Michael Stagliano,Nick Peterson,1
432,Michael Stagliano,Rachel Truehart,1
433,Michael Stagliano,Reid Rosenthal,1
434,Michael Stagliano,Ryan Hoag,1
435,Michael Stagliano,Sarah Newlon,1
436,Michael Stagliano,Tony Pieper,1
437,Nick Peterson,Rachel Truehart,1
438,Nick Peterson,Reid Rosenthal,1
439,Nick Peterson,Ryan Hoag,1
440,Nick Peterson,Sarah Newlon,1
441,Nick Peterson,Tony Pieper,1
442,Rachel Truehart,Reid Rosenthal,1
443,Rachel Truehart,Ryan Hoag,1
444,Rachel Truehart,Sarah Newlon,1
445,Rachel Truehart,Tony Pieper,1
446,Reid Rosenthal,Ryan Hoag,1
447,Reid Rosenthal,Sarah Newlon,1
448,Reid Rosenthal,Tony Pieper,1
449,Ryan Hoag,Sarah Newlon,1
450,Ryan Hoag,Tony Pieper,1
451,Sarah Newlon,Tony Pieper,1
452,AshLee Frazier,Ben Scott,1
453,AshLee Frazier,Brooks Forester,1
454,AshLee Frazier,Chris Bukowski,1
455,AshLee Frazier,Christy Hansen,1
456,AshLee Frazier,Clare Crawley,1
457,AshLee Frazier,Cody Sattler,1
458,AshLee Frazier,Daniella McBride,1
459,AshLee Frazier,Danielle Ronco,1
460,AshLee Frazier,Dylan Petitt,1
461,AshLee Frazier,Elise Mosca,1
462,AshLee Frazier,Graham Bunn,1
463,AshLee Frazier,Jackie Parr,1
464,AshLee Frazier,Jesse Kovacs,1
465,AshLee Frazier,Kalon McMahon,1
466,AshLee Frazier,Lacy Faddoul,1
467,AshLee Frazier,Lucy Aragon,1
468,AshLee Frazier,Marcus Grodd,1
469,AshLee Frazier,Marquel Martin,1
470,AshLee Frazier,Michelle Kujawa,1
471,AshLee Frazier,Michelle Money,1
472,AshLee Frazier,Robert Graham,1
473,AshLee Frazier,Sarah Herron,1
474,AshLee Frazier,Tasos Hernandez,1
475,AshLee Frazier,Zack Kalter,1
476,Ben Scott,Brooks Forester,1
477,Ben Scott,Chris Bukowski,1
478,Ben Scott,Christy Hansen,1
479,Ben Scott,Clare Crawley,1
480,Ben Scott,Cody Sattler,1
481,Ben Scott,Daniella McBride,1
482,Ben Scott,Danielle Ronco,1
483,Ben Scott,Dylan Petitt,1
484,Ben Scott,Elise Mosca,1
485,Ben Scott,Graham Bunn,1
486,Ben Scott,Jackie Parr,1
487,Ben Scott,Jesse Kovacs,1
488,Ben Scott,Kalon McMahon,1
489,Ben Scott,Lacy Faddoul,1
490,Ben Scott,Lucy Aragon,1
491,Ben Scott,Marcus Grodd,1
492,Ben Scott,Marquel Martin,1
493,Ben Scott,Michelle Kujawa,1
494,Ben Scott,Michelle Money,1
495,Ben Scott,Robert Graham,1
496,Ben Scott,Sarah Herron,1
497,Ben Scott,Tasos Hernandez,1
498,Ben Scott,Zack Kalter,1
499,Brooks Forester,Chris Bukowski,1
500,Brooks Forester,Christy Hansen,1
501,Brooks Forester,Clare Crawley,1
502,Brooks Forester,Cody Sattler,1
503,Brooks Forester,Daniella McBride,1
504,Brooks Forester,Danielle Ronco,1
505,Brooks Forester,Dylan Petitt,1
506,Brooks Forester,Elise Mosca,1
507,Brooks Forester,Graham Bunn,1
508,Brooks Forester,Jackie Parr,1
509,Brooks Forester,Jesse Kovacs,1
510,Brooks Forester,Kalon McMahon,1
511,Brooks Forester,Lacy Faddoul,1
512,Brooks Forester,Lucy Aragon,1
513,Brooks Forester,Marcus Grodd,1
514,Brooks Forester,Marquel Martin,1
515,Brooks Forester,Michelle Kujawa,1
516,Brooks Forester,Michelle Money,1
517,Brooks Forester,Robert Graham,1
518,Brooks Forester,Sarah Herron,1
519,Brooks Forester,Tasos Hernandez,1
520,Brooks Forester,Zack Kalter,1
521,Chris Bukowski,Christy Hansen,1
522,Chris Bukowski,Clare Crawley,1
523,Chris Bukowski,Cody Sattler,1
524,Chris Bukowski,Daniella McBride,1
525,Chris Bukowski,Danielle Ronco,1
526,Chris Bukowski,Dylan Petitt,1
527,Chris Bukowski,Elise Mosca,1
528,Chris Bukowski,Graham Bunn,1
529,Chris Bukowski,Jackie Parr,1
530,Chris Bukowski,Jesse Kovacs,1
531,Chris Bukowski,Kalon McMahon,1
532,Chris Bukowski,Lacy Faddoul,1
533,Chris Bukowski,Lucy Aragon,1
534,Chris Bukowski,Marcus Grodd,1
535,Chris Bukowski,Marquel Martin,1
536,Chris Bukowski,Michelle Kujawa,1
537,Chris Bukowski,Michelle Money,1
538,Chris Bukowski,Robert Graham,1
539,Chris Bukowski,Sarah Herron,1
540,Chris Bukowski,Tasos Hernandez,1
541,Chris Bukowski,Zack Kalter,1
542,Christy Hansen,Clare Crawley,1
543,Christy Hansen,Cody Sattler,1
544,Christy Hansen,Daniella McBride,1
545,Christy Hansen,Danielle Ronco,1
546,Christy Hansen,Dylan Petitt,1
547,Christy Hansen,Elise Mosca,1
548,Christy Hansen,Graham Bunn,1
549,Christy Hansen,Jackie Parr,1
550,Christy Hansen,Jesse Kovacs,1
551,Christy Hansen,Kalon McMahon,1
552,Christy Hansen,Lacy Faddoul,1
553,Christy Hansen,Lucy Aragon,1
554,Christy Hansen,Marcus Grodd,1
555,Christy Hansen,Marquel Martin,1
556,Christy Hansen,Michelle Kujawa,1
557,Christy Hansen,Michelle Money,1
558,Christy Hansen,Robert Graham,1
559,Christy Hansen,Sarah Herron,1
560,Christy Hansen,Tasos Hernandez,1
561,Christy Hansen,Zack Kalter,1
562,Clare Crawley,Cody Sattler,1
563,Clare Crawley,Daniella McBride,1
564,Clare Crawley,Danielle Ronco,1
565,Clare Crawley,Dylan Petitt,1
566,Clare Crawley,Elise Mosca,1
567,Clare Crawley,Graham Bunn,1
568,Clare Crawley,Jackie Parr,1
569,Clare Crawley,Jesse Kovacs,1
570,Clare Crawley,Kalon McMahon,1
571,Clare Crawley,Lacy Faddoul,1
572,Clare Crawley,Lucy Aragon,1
573,Clare Crawley,Marcus Grodd,1
574,Clare Crawley,Marquel Martin,1
575,Clare Crawley,Michelle Kujawa,1
576,Clare Crawley,Michelle Money,1
577,Clare Crawley,Robert Graham,1
578,Clare Crawley,Sarah Herron,1
579,Clare Crawley,Tasos Hernandez,1
580,Clare Crawley,Zack Kalter,1
581,Cody Sattler,Daniella McBride,1
582,Cody Sattler,Danielle Ronco,1
583,Cody Sattler,Dylan Petitt,1
584,Cody Sattler,Elise Mosca,1
585,Cody Sattler,Graham Bunn,1
586,Cody Sattler,Jackie Parr,1
587,Cody Sattler,Jesse Kovacs,1
588,Cody Sattler,Kalon McMahon,1
589,Cody Sattler,Lacy Faddoul,1
590,Cody Sattler,Lucy Aragon,1
591,Cody Sattler,Marcus Grodd,1
592,Cody Sattler,Marquel Martin,1
593,Cody Sattler,Michelle Kujawa,1
594,Cody Sattler,Michelle Money,1
595,Cody Sattler,Robert Graham,1
596,Cody Sattler,Sarah Herron,1
597,Cody Sattler,Tasos Hernandez,1
598,Cody Sattler,Zack Kalter,1
599,Daniella McBride,Danielle Ronco,1
600,Daniella McBride,Dylan Petitt,1
601,Daniella McBride,Elise Mosca,1
602,Daniella McBride,Graham Bunn,1
603,Daniella McBride,Jackie Parr,1
604,Daniella McBride,Jesse Kovacs,1
605,Daniella McBride,Kalon McMahon,1
606,Daniella McBride,Lacy Faddoul,1
607,Daniella McBride,Lucy Aragon,1
608,Daniella McBride,Marcus Grodd,1
609,Daniella McBride,Marquel Martin,1
610,Daniella McBride,Michelle Kujawa,1
611,Daniella McBride,Michelle Money,1
612,Daniella McBride,Robert Graham,1
613,Daniella McBride,Sarah Herron,1
614,Daniella McBride,Tasos Hernandez,1
615,Daniella McBride,Zack Kalter,1
616,Danielle Ronco,Dylan Petitt,1
617,Danielle Ronco,Elise Mosca,1
618,Danielle Ronco,Graham Bunn,1
619,Danielle Ronco,Jackie Parr,1
620,Danielle Ronco,Jesse Kovacs,1
621,Danielle Ronco,Kalon McMahon,1
622,Danielle Ronco,Lacy Faddoul,1
623,Danielle Ronco,Lucy Aragon,1
624,Danielle Ronco,Marcus Grodd,1
625,Danielle Ronco,Marquel Martin,1
626,Danielle Ronco,Michelle Kujawa,1
627,Danielle Ronco,Michelle Money,1
628,Danielle Ronco,Robert Graham,1
629,Danielle Ronco,Sarah Herron,1
630,Danielle Ronco,Tasos Hernandez,1
631,Danielle Ronco,Zack Kalter,1
632,Dylan Petitt,Elise Mosca,1
633,Dylan Petitt,Graham Bunn,1
634,Dylan Petitt,Jackie Parr,1
635,Dylan Petitt,Jesse Kovacs,1
636,Dylan Petitt,Kalon McMahon,1
637,Dylan Petitt,Lacy Faddoul,1
638,Dylan Petitt,Lucy Aragon,1
639,Dylan Petitt,Marcus Grodd,1
640,Dylan Petitt,Marquel Martin,1
641,Dylan Petitt,Michelle Kujawa,1
642,Dylan Petitt,Michelle Money,1
643,Dylan Petitt,Robert Graham,1
644,Dylan Petitt,Sarah Herron,1
645,Dylan Petitt,Tasos Hernandez,1
646,Dylan Petitt,Zack Kalter,1
647,Elise Mosca,Graham Bunn,1
648,Elise Mosca,Jackie Parr,1
649,Elise Mosca,Jesse Kovacs,1
650,Elise Mosca,Kalon McMahon,1
651,Elise Mosca,Lacy Faddoul,1
652,Elise Mosca,Lucy Aragon,1
653,Elise Mosca,Marcus Grodd,1
654,Elise Mosca,Marquel Martin,1
655,Elise Mosca,Michelle Kujawa,1
656,Elise Mosca,Michelle Money,1
657,Elise Mosca,Robert Graham,1
658,Elise Mosca,Sarah Herron,1
659,Elise Mosca,Tasos Hernandez,1
660,Elise Mosca,Zack Kalter,1
661,Graham Bunn,Jackie Parr,1
662,Graham Bunn,Jesse Kovacs,1
663,Graham Bunn,Kalon McMahon,1
664,Graham Bunn,Lacy Faddoul,1
665,Graham Bunn,Lucy Aragon,1
666,Graham Bunn,Marcus Grodd,1
667,Graham Bunn,Marquel Martin,1
668,Graham Bunn,Michelle Kujawa,1
669,Graham Bunn,Michelle Money,1
670,Graham Bunn,Robert Graham,1
671,Graham Bunn,Sarah Herron,1
672,Graham Bunn,Tasos Hernandez,1
673,Graham Bunn,Zack Kalter,1
674,Jackie Parr,Jesse Kovacs,1
675,Jackie Parr,Kalon McMahon,1
676,Jackie Parr,Lacy Faddoul,1
677,Jackie Parr,Lucy Aragon,1
678,Jackie Parr,Marcus Grodd,1
679,Jackie Parr,Marquel Martin,1
680,Jackie Parr,Michelle Kujawa,1
681,Jackie Parr,Michelle Money,1
682,Jackie Parr,Robert Graham,1
683,Jackie Parr,Sarah Herron,1
684,Jackie Parr,Tasos Hernandez,1
685,Jackie Parr,Zack Kalter,1
686,Jesse Kovacs,Kalon McMahon,1
687,Jesse Kovacs,Lacy Faddoul,1
688,Jesse Kovacs,Lucy Aragon,1
689,Jesse Kovacs,Marcus Grodd,1
690,Jesse Kovacs,Marquel Martin,1
691,Jesse Kovacs,Michelle Kujawa,1
692,Jesse Kovacs,Michelle Money,1
693,Jesse Kovacs,Robert Graham,1
694,Jesse Kovacs,Sarah Herron,1
695,Jesse Kovacs,Tasos Hernandez,1
696,Jesse Kovacs,Zack Kalter,1
697,Kalon McMahon,Lacy Faddoul,1
698,Kalon McMahon,Lucy Aragon,1
699,Kalon McMahon,Marcus Grodd,1
700,Kalon McMahon,Marquel Martin,1
701,Kalon McMahon,Michelle Kujawa,1
702,Kalon McMahon,Michelle Money,1
703,Kalon McMahon,Robert Graham,1
704,Kalon McMahon,Sarah Herron,1
705,Kalon McMahon,Tasos Hernandez,1
706,Kalon McMahon,Zack Kalter,1
707,Lacy Faddoul,Lucy Aragon,1
708,Lacy Faddoul,Marcus Grodd,1
709,Lacy Faddoul,Marquel Martin,1
710,Lacy Faddoul,Michelle Kujawa,1
711,Lacy Faddoul,Michelle Money,1
712,Lacy Faddoul,Robert Graham,1
713,Lacy Faddoul,Sarah Herron,1
714,Lacy Faddoul,Tasos Hernandez,1
715,Lacy Faddoul,Zack Kalter,1
716,Lucy Aragon,Marcus Grodd,1
717,Lucy Aragon,Marquel Martin,1
718,Lucy Aragon,Michelle Kujawa,1
719,Lucy Aragon,Michelle Money,1
720,Lucy Aragon,Robert Graham,1
721,Lucy Aragon,Sarah Herron,1
722,Lucy Aragon,Tasos Hernandez,1
723,Lucy Aragon,Zack Kalter,1
724,Marcus Grodd,Marquel Martin,1
725,Marcus Grodd,Michelle Kujawa,1
726,Marcus Grodd,Michelle Money,1
727,Marcus Grodd,Robert Graham,1
728,Marcus Grodd,Sarah Herron,1
729,Marcus Grodd,Tasos Hernandez,1
730,Marcus Grodd,Zack Kalter,1
731,Marquel Martin,Michelle Kujawa,1
732,Marquel Martin,Michelle Money,1
733,Marquel Martin,Robert Graham,1
734,Marquel Martin,Sarah Herron,1
735,Marquel Martin,Tasos Hernandez,1
736,Marquel Martin,Zack Kalter,1
737,Michelle Kujawa,Michelle Money,1
738,Michelle Kujawa,Robert Graham,1
739,Michelle Kujawa,Sarah Herron,1
740,Michelle Kujawa,Tasos Hernandez,1
741,Michelle Kujawa,Zack Kalter,1
742,Michelle Money,Robert Graham,1
743,Michelle Money,Sarah Herron,1
744,Michelle Money,Tasos Hernandez,1
745,Michelle Money,Zack Kalter,1
746,Robert Graham,Sarah Herron,1
747,Robert Graham,Tasos Hernandez,1
748,Robert Graham,Zack Kalter,1
749,Sarah Herron,Tasos Hernandez,1
750,Sarah Herron,Zack Kalter,1
751,Tasos Hernandez,Zack Kalter,1
752,Amber James,Ashley Iaconetti,1
753,Amber James,Ashley Salter,1
754,Amber James,Carly Waddell,1
755,Amber James,Cassandra Ferguson,1
756,Amber James,Chelsie Webster,1
757,Amber James,Chris Bukowski,1
758,Amber James,Clare Crawley,1
759,Amber James,Dan Cox,1
760,Amber James,J.J. Lane III,1
761,Amber James,Jaclyn Swartz,1
762,Amber James,Jade Roper,1
763,Amber James,Jared Haibon,1
764,Amber James,Jillian Anderson,1
765,Amber James,Joe Bailey,1
766,Amber James,Jonathan Holloway,1
767,Amber James,Joshua Albers,1
768,Amber James,Juelia Kinney,1
769,Amber James,Justin Reich,1
770,Amber James,Kirk DeWindt,1
771,Amber James,Lauren Iaconetti,1
772,Amber James,Mackenzie Deonigi,1
773,Amber James,Megan Bell,1
774,Amber James,Michael Garofola,1
775,Amber James,Mikey Tenerelli,1
776,Amber James,Nick Peterson,1
777,Amber James,Samantha Steffen,1
778,Amber James,Tanner Tolbert,1
779,Amber James,Tenley Molzahn,1
780,Ashley Iaconetti,Ashley Salter,1
781,Ashley Iaconetti,Carly Waddell,1
782,Ashley Iaconetti,Cassandra Ferguson,1
783,Ashley Iaconetti,Chelsie Webster,1
784,Ashley Iaconetti,Chris Bukowski,1
785,Ashley Iaconetti,Clare Crawley,1
786,Ashley Iaconetti,Dan Cox,1
787,Ashley Iaconetti,J.J. Lane III,1
788,Ashley Iaconetti,Jaclyn Swartz,1
789,Ashley Iaconetti,Jade Roper,1
790,Ashley Iaconetti,Jared Haibon,1
791,Ashley Iaconetti,Jillian Anderson,1
792,Ashley Iaconetti,Joe Bailey,1
793,Ashley Iaconetti,Jonathan Holloway,1
794,Ashley Iaconetti,Joshua Albers,1
795,Ashley Iaconetti,Juelia Kinney,1
796,Ashley Iaconetti,Justin Reich,1
797,Ashley Iaconetti,Kirk DeWindt,1
798,Ashley Iaconetti,Lauren Iaconetti,1
799,Ashley Iaconetti,Mackenzie Deonigi,1
800,Ashley Iaconetti,Megan Bell,1
801,Ashley Iaconetti,Michael Garofola,1
802,Ashley Iaconetti,Mikey Tenerelli,1
803,Ashley Iaconetti,Nick Peterson,1
804,Ashley Iaconetti,Samantha Steffen,1
805,Ashley Iaconetti,Tanner Tolbert,1
806,Ashley Iaconetti,Tenley Molzahn,1
807,Ashley Salter,Carly Waddell,1
808,Ashley Salter,Cassandra Ferguson,1
809,Ashley Salter,Chelsie Webster,1
810,Ashley Salter,Chris Bukowski,1
811,Ashley Salter,Clare Crawley,1
812,Ashley Salter,Dan Cox,1
813,Ashley Salter,J.J. Lane III,1
814,Ashley Salter,Jaclyn Swartz,1
815,Ashley Salter,Jade Roper,1
816,Ashley Salter,Jared Haibon,1
817,Ashley Salter,Jillian Anderson,1
818,Ashley Salter,Joe Bailey,1
819,Ashley Salter,Jonathan Holloway,1
820,Ashley Salter,Joshua Albers,1
821,Ashley Salter,Juelia Kinney,1
822,Ashley Salter,Justin Reich,1
823,Ashley Salter,Kirk DeWindt,1
824,Ashley Salter,Lauren Iaconetti,1
825,Ashley Salter,Mackenzie Deonigi,1
826,Ashley Salter,Megan Bell,1
827,Ashley Salter,Michael Garofola,1
828,Ashley Salter,Mikey Tenerelli,1
829,Ashley Salter,Nick Peterson,1
830,Ashley Salter,Samantha Steffen,1
831,Ashley Salter,Tanner Tolbert,1
832,Ashley Salter,Tenley Molzahn,1
833,Carly Waddell,Cassandra Ferguson,1
834,Carly Waddell,Chelsie Webster,1
835,Carly Waddell,Chris Bukowski,1
836,Carly Waddell,Clare Crawley,1
837,Carly Waddell,Dan Cox,1
838,Carly Waddell,J.J. Lane III,1
839,Carly Waddell,Jaclyn Swartz,1
840,Carly Waddell,Jade Roper,1
841,Carly Waddell,Jared Haibon,1
842,Carly Waddell,Jillian Anderson,1
843,Carly Waddell,Joe Bailey,1
844,Carly Waddell,Jonathan Holloway,1
845,Carly Waddell,Joshua Albers,1
846,Carly Waddell,Juelia Kinney,1
847,Carly Waddell,Justin Reich,1
848,Carly Waddell,Kirk DeWindt,1
849,Carly Waddell,Lauren Iaconetti,1
850,Carly Waddell,Mackenzie Deonigi,1
851,Carly Waddell,Megan Bell,1
852,Carly Waddell,Michael Garofola,1
853,Carly Waddell,Mikey Tenerelli,1
854,Carly Waddell,Nick Peterson,1
855,Carly Waddell,Samantha Steffen,1
856,Carly Waddell,Tanner Tolbert,1
857,Carly Waddell,Tenley Molzahn,1
858,Cassandra Ferguson,Chelsie Webster,1
859,Cassandra Ferguson,Chris Bukowski,1
860,Cassandra Ferguson,Clare Crawley,1
861,Cassandra Ferguson,Dan Cox,1
862,Cassandra Ferguson,J.J. Lane III,1
863,Cassandra Ferguson,Jaclyn Swartz,1
864,Cassandra Ferguson,Jade Roper,1
865,Cassandra Ferguson,Jared Haibon,1
866,Cassandra Ferguson,Jillian Anderson,1
867,Cassandra Ferguson,Joe Bailey,1
868,Cassandra Ferguson,Jonathan Holloway,1
869,Cassandra Ferguson,Joshua Albers,1
870,Cassandra Ferguson,Juelia Kinney,1
871,Cassandra Ferguson,Justin Reich,1
872,Cassandra Ferguson,Kirk DeWindt,1
873,Cassandra Ferguson,Lauren Iaconetti,1
874,Cassandra Ferguson,Mackenzie Deonigi,1
875,Cassandra Ferguson,Megan Bell,1
876,Cassandra Ferguson,Michael Garofola,1
877,Cassandra Ferguson,Mikey Tenerelli,1
878,Cassandra Ferguson,Nick Peterson,1
879,Cassandra Ferguson,Samantha Steffen,1
880,Cassandra Ferguson,Tanner Tolbert,1
881,Cassandra Ferguson,Tenley Molzahn,1
882,Chelsie Webster,Chris Bukowski,1
883,Chelsie Webster,Clare Crawley,1
884,Chelsie Webster,Dan Cox,1
885,Chelsie Webster,J.J. Lane III,1
886,Chelsie Webster,Jaclyn Swartz,1
887,Chelsie Webster,Jade Roper,1
888,Chelsie Webster,Jared Haibon,1
889,Chelsie Webster,Jillian Anderson,1
890,Chelsie Webster,Joe Bailey,1
891,Chelsie Webster,Jonathan Holloway,1
892,Chelsie Webster,Joshua Albers,1
893,Chelsie Webster,Juelia Kinney,1
894,Chelsie Webster,Justin Reich,1
895,Chelsie Webster,Kirk DeWindt,1
896,Chelsie Webster,Lauren Iaconetti,1
897,Chelsie Webster,Mackenzie Deonigi,1
898,Chelsie Webster,Megan Bell,1
899,Chelsie Webster,Michael Garofola,1
900,Chelsie Webster,Mikey Tenerelli,1
901,Chelsie Webster,Nick Peterson,1
902,Chelsie Webster,Samantha Steffen,1
903,Chelsie Webster,Tanner Tolbert,1
904,Chelsie Webster,Tenley Molzahn,1
905,Chris Bukowski,Clare Crawley,1
906,Chris Bukowski,Dan Cox,1
907,Chris Bukowski,J.J. Lane III,1
908,Chris Bukowski,Jaclyn Swartz,1
909,Chris Bukowski,Jade Roper,1
910,Chris Bukowski,Jared Haibon,1
911,Chris Bukowski,Jillian Anderson,1
912,Chris Bukowski,Joe Bailey,1
913,Chris Bukowski,Jonathan Holloway,1
914,Chris Bukowski,Joshua Albers,1
915,Chris Bukowski,Juelia Kinney,1
916,Chris Bukowski,Justin Reich,1
917,Chris Bukowski,Kirk DeWindt,1
918,Chris Bukowski,Lauren Iaconetti,1
919,Chris Bukowski,Mackenzie Deonigi,1
920,Chris Bukowski,Megan Bell,1
921,Chris Bukowski,Michael Garofola,1
922,Chris Bukowski,Mikey Tenerelli,1
923,Chris Bukowski,Nick Peterson,1
924,Chris Bukowski,Samantha Steffen,1
925,Chris Bukowski,Tanner Tolbert,1
926,Chris Bukowski,Tenley Molzahn,1
927,Clare Crawley,Dan Cox,1
928,Clare Crawley,J.J. Lane III,1
929,Clare Crawley,Jaclyn Swartz,1
930,Clare Crawley,Jade Roper,1
931,Clare Crawley,Jared Haibon,1
932,Clare Crawley,Jillian Anderson,1
933,Clare Crawley,Joe Bailey,1
934,Clare Crawley,Jonathan Holloway,1
935,Clare Crawley,Joshua Albers,1
936,Clare Crawley,Juelia Kinney,1
937,Clare Crawley,Justin Reich,1
938,Clare Crawley,Kirk DeWindt,1
939,Clare Crawley,Lauren Iaconetti,1
940,Clare Crawley,Mackenzie Deonigi,1
941,Clare Crawley,Megan Bell,1
942,Clare Crawley,Michael Garofola,1
943,Clare Crawley,Mikey Tenerelli,1
944,Clare Crawley,Nick Peterson,1
945,Clare Crawley,Samantha Steffen,1
946,Clare Crawley,Tanner Tolbert,1
947,Clare Crawley,Tenley Molzahn,1
948,Dan Cox,J.J. Lane III,1
949,Dan Cox,Jaclyn Swartz,1
950,Dan Cox,Jade Roper,1
951,Dan Cox,Jared Haibon,1
952,Dan Cox,Jillian Anderson,1
953,Dan Cox,Joe Bailey,1
954,Dan Cox,Jonathan Holloway,1
955,Dan Cox,Joshua Albers,1
956,Dan Cox,Juelia Kinney,1
957,Dan Cox,Justin Reich,1
958,Dan Cox,Kirk DeWindt,1
959,Dan Cox,Lauren Iaconetti,1
960,Dan Cox,Mackenzie Deonigi,1
961,Dan Cox,Megan Bell,1
962,Dan Cox,Michael Garofola,1
963,Dan Cox,Mikey Tenerelli,1
964,Dan Cox,Nick Peterson,1
965,Dan Cox,Samantha Steffen,1
966,Dan Cox,Tanner Tolbert,1
967,Dan Cox,Tenley Molzahn,1
968,J.J. Lane III,Jaclyn Swartz,1
969,J.J. Lane III,Jade Roper,1
970,J.J. Lane III,Jared Haibon,1
971,J.J. Lane III,Jillian Anderson,1
972,J.J. Lane III,Joe Bailey,1
973,J.J. Lane III,Jonathan Holloway,1
974,J.J. Lane III,Joshua Albers,1
975,J.J. Lane III,Juelia Kinney,1
976,J.J. Lane III,Justin Reich,1
977,J.J. Lane III,Kirk DeWindt,1
978,J.J. Lane III,Lauren Iaconetti,1
979,J.J. Lane III,Mackenzie Deonigi,1
980,J.J. Lane III,Megan Bell,1
981,J.J. Lane III,Michael Garofola,1
982,J.J. Lane III,Mikey Tenerelli,1
983,J.J. Lane III,Nick Peterson,1
984,J.J. Lane III,Samantha Steffen,1
985,J.J. Lane III,Tanner Tolbert,1
986,J.J. Lane III,Tenley Molzahn,1
987,Jaclyn Swartz,Jade Roper,1
988,Jaclyn Swartz,Jared Haibon,1
989,Jaclyn Swartz,Jillian Anderson,1
990,Jaclyn Swartz,Joe Bailey,1
991,Jaclyn Swartz,Jonathan Holloway,1
992,Jaclyn Swartz,Joshua Albers,1
993,Jaclyn Swartz,Juelia Kinney,1
994,Jaclyn Swartz,Justin Reich,1
995,Jaclyn Swartz,Kirk DeWindt,1
996,Jaclyn Swartz,Lauren Iaconetti,1
997,Jaclyn Swartz,Mackenzie Deonigi,1
998,Jaclyn Swartz,Megan Bell,1
999,Jaclyn Swartz,Michael Garofola,1
1000,Jaclyn Swartz,Mikey Tenerelli,1
1001,Jaclyn Swartz,Nick Peterson,1
1002,Jaclyn Swartz,Samantha Steffen,1
1003,Jaclyn Swartz,Tanner Tolbert,1
1004,Jaclyn Swartz,Tenley Molzahn,1
1005,Jade Roper,Jared Haibon,1
1006,Jade Roper,Jillian Anderson,1
1007,Jade Roper,Joe Bailey,1
1008,Jade Roper,Jonathan Holloway,1
1009,Jade Roper,Joshua Albers,1
1010,Jade Roper,Juelia Kinney,1
1011,Jade Roper,Justin Reich,1
1012,Jade Roper,Kirk DeWindt,1
1013,Jade Roper,Lauren Iaconetti,1
1014,Jade Roper,Mackenzie Deonigi,1
1015,Jade Roper,Megan Bell,1
1016,Jade Roper,Michael Garofola,1
1017,Jade Roper,Mikey Tenerelli,1
1018,Jade Roper,Nick Peterson,1
1019,Jade Roper,Samantha Steffen,1
1020,Jade Roper,Tanner Tolbert,1
1021,Jade Roper,Tenley Molzahn,1
1022,Jared Haibon,Jillian Anderson,1
1023,Jared Haibon,Joe Bailey,1
1024,Jared Haibon,Jonathan Holloway,1
1025,Jared Haibon,Joshua Albers,1
1026,Jared Haibon,Juelia Kinney,1
1027,Jared Haibon,Justin Reich,1
1028,Jared Haibon,Kirk DeWindt,1
1029,Jared Haibon,Lauren Iaconetti,1
1030,Jared Haibon,Mackenzie Deonigi,1
1031,Jared Haibon,Megan Bell,1
1032,Jared Haibon,Michael Garofola,1
1033,Jared Haibon,Mikey Tenerelli,1
1034,Jared Haibon,Nick Peterson,1
1035,Jared Haibon,Samantha Steffen,1
1036,Jared Haibon,Tanner Tolbert,1
1037,Jared Haibon,Tenley Molzahn,1
1038,Jillian Anderson,Joe Bailey,1
1039,Jillian Anderson,Jonathan Holloway,1
1040,Jillian Anderson,Joshua Albers,1
1041,Jillian Anderson,Juelia Kinney,1
1042,Jillian Anderson,Justin Reich,1
1043,Jillian Anderson,Kirk DeWindt,1
1044,Jillian Anderson,Lauren Iaconetti,1
1045,Jillian Anderson,Mackenzie Deonigi,1
1046,Jillian Anderson,Megan Bell,1
1047,Jillian Anderson,Michael Garofola,1
1048,Jillian Anderson,Mikey Tenerelli,1
1049,Jillian Anderson,Nick Peterson,1
1050,Jillian Anderson,Samantha Steffen,1
1051,Jillian Anderson,Tanner Tolbert,1
1052,Jillian Anderson,Tenley Molzahn,1
1053,Joe Bailey,Jonathan Holloway,1
1054,Joe Bailey,Joshua Albers,1
1055,Joe Bailey,Juelia Kinney,1
1056,Joe Bailey,Justin Reich,1
1057,Joe Bailey,Kirk DeWindt,1
1058,Joe Bailey,Lauren Iaconetti,1
1059,Joe Bailey,Mackenzie Deonigi,1
1060,Joe Bailey,Megan Bell,1
1061,Joe Bailey,Michael Garofola,1
1062,Joe Bailey,Mikey Tenerelli,1
1063,Joe Bailey,Nick Peterson,1
1064,Joe Bailey,Samantha Steffen,1
1065,Joe Bailey,Tanner Tolbert,1
1066,Joe Bailey,Tenley Molzahn,1
1067,Jonathan Holloway,Joshua Albers,1
1068,Jonathan Holloway,Juelia Kinney,1
1069,Jonathan Holloway,Justin Reich,1
1070,Jonathan Holloway,Kirk DeWindt,1
1071,Jonathan Holloway,Lauren Iaconetti,1
1072,Jonathan Holloway,Mackenzie Deonigi,1
1073,Jonathan Holloway,Megan Bell,1
1074,Jonathan Holloway,Michael Garofola,1
1075,Jonathan Holloway,Mikey Tenerelli,1
1076,Jonathan Holloway,Nick Peterson,1
1077,Jonathan Holloway,Samantha Steffen,1
1078,Jonathan Holloway,Tanner Tolbert,1
1079,Jonathan Holloway,Tenley Molzahn,1
1080,Joshua Albers,Juelia Kinney,1
1081,Joshua Albers,Justin Reich,1
1082,Joshua Albers,Kirk DeWindt,1
1083,Joshua Albers,Lauren Iaconetti,1
1084,Joshua Albers,Mackenzie Deonigi,1
1085,Joshua Albers,Megan Bell,1
1086,Joshua Albers,Michael Garofola,1
1087,Joshua Albers,Mikey Tenerelli,1
1088,Joshua Albers,Nick Peterson,1
1089,Joshua Albers,Samantha Steffen,1
1090,Joshua Albers,Tanner Tolbert,1
1091,Joshua Albers,Tenley Molzahn,1
1092,Juelia Kinney,Justin Reich,1
1093,Juelia Kinney,Kirk DeWindt,1
1094,Juelia Kinney,Lauren Iaconetti,1
1095,Juelia Kinney,Mackenzie Deonigi,1
1096,Juelia Kinney,Megan Bell,1
1097,Juelia Kinney,Michael Garofola,1
1098,Juelia Kinney,Mikey Tenerelli,1
1099,Juelia Kinney,Nick Peterson,1
1100,Juelia Kinney,Samantha Steffen,1
1101,Juelia Kinney,Tanner Tolbert,1
1102,Juelia Kinney,Tenley Molzahn,1
1103,Justin Reich,Kirk DeWindt,1
1104,Justin Reich,Lauren Iaconetti,1
1105,Justin Reich,Mackenzie Deonigi,1
1106,Justin Reich,Megan Bell,1
1107,Justin Reich,Michael Garofola,1
1108,Justin Reich,Mikey Tenerelli,1
1109,Justin Reich,Nick Peterson,1
1110,Justin Reich,Samantha Steffen,1
1111,Justin Reich,Tanner Tolbert,1
1112,Justin Reich,Tenley Molzahn,1
1113,Kirk DeWindt,Lauren Iaconetti,1
1114,Kirk DeWindt,Mackenzie Deonigi,1
1115,Kirk DeWindt,Megan Bell,1
1116,Kirk DeWindt,Michael Garofola,1
1117,Kirk DeWindt,Mikey Tenerelli,1
1118,Kirk DeWindt,Nick Peterson,1
1119,Kirk DeWindt,Samantha Steffen,1
1120,Kirk DeWindt,Tanner Tolbert,1
1121,Kirk DeWindt,Tenley Molzahn,1
1122,Lauren Iaconetti,Mackenzie Deonigi,1
1123,Lauren Iaconetti,Megan Bell,1
1124,Lauren Iaconetti,Michael Garofola,1
1125,Lauren Iaconetti,Mikey Tenerelli,1
1126,Lauren Iaconetti,Nick Peterson,1
1127,Lauren Iaconetti,Samantha Steffen,1
1128,Lauren Iaconetti,Tanner Tolbert,1
1129,Lauren Iaconetti,Tenley Molzahn,1
1130,Mackenzie Deonigi,Megan Bell,1
1131,Mackenzie Deonigi,Michael Garofola,1
1132,Mackenzie Deonigi,Mikey Tenerelli,1
1133,Mackenzie Deonigi,Nick Peterson,1
1134,Mackenzie Deonigi,Samantha Steffen,1
1135,Mackenzie Deonigi,Tanner Tolbert,1
1136,Mackenzie Deonigi,Tenley Molzahn,1
1137,Megan Bell,Michael Garofola,1
1138,Megan Bell,Mikey Tenerelli,1
1139,Megan Bell,Nick Peterson,1
1140,Megan Bell,Samantha Steffen,1
1141,Megan Bell,Tanner Tolbert,1
1142,Megan Bell,Tenley Molzahn,1
1143,Michael Garofola,Mikey Tenerelli,1
1144,Michael Garofola,Nick Peterson,1
1145,Michael Garofola,Samantha Steffen,1
1146,Michael Garofola,Tanner Tolbert,1
1147,Michael Garofola,Tenley Molzahn,1
1148,Mikey Tenerelli,Nick Peterson,1
1149,Mikey Tenerelli,Samantha Steffen,1
1150,Mikey Tenerelli,Tanner Tolbert,1
1151,Mikey Tenerelli,Tenley Molzahn,1
1152,Nick Peterson,Samantha Steffen,1
1153,Nick Peterson,Tanner Tolbert,1
1154,Nick Peterson,Tenley Molzahn,1
1155,Samantha Steffen,Tanner Tolbert,1
1156,Samantha Steffen,Tenley Molzahn,1
1157,Tanner Tolbert,Tenley Molzahn,1
